,site_url,domain,category_pred,country_pred,login_navigation_successful,login_url,login_scope,cross_scope_login,login_ui_forced,login_iframe_cross_origin,auth_surface_type,auth_surface_unobservable,auth_form_appeared,auth_form_phase,auth_form_detection_time,password_input_present,password_input_in_shadow_dom,network_password,network_webauthn,credentials_api_used,credentials_create_summary,passkey_setup_endpoint_present,auth_js_supports_passkey,ui_webauthn_keywords_present,shadow_dom_webauthn,local_storage_contains_fido,session_storage_contains_fido,cookies_contain_fido,fedcm_present,fedcm_provider,fedcm_detected_via_api,fido2_indirect_possible,multistep_login,otp_indicators_present,fido2_usage,fido2_confidence,fido2_confidence_diagnosis,validated,cose_algorithms,page_classification,nb_clicks,processing_time
247,https://500px.com/,500px.com,Society,United States of America,True,https://500px.com/login?r=%2Fquests,500px.com,False,True,False,iframe_same_origin,True,True,stabilized,2.007412791997922,True,False,False,False,False,,False,False,False,False,False,False,False,False,,False,False,False,False,password_only,0.15,Password-only authentication detected (no FIDO2 or OTP).,False,,real_login_page,3,27.25
248,https://about.intastellaraccounts.com/,about.intastellaraccounts.com,Technology & Computing,Denmark,True,https://www.intastellaraccounts.com/SignUp/?continue=my.intastellaraccounts.com&service=Intastellar%20Solutions&entryFlow=bXkuaW50YXN0ZWxsYXJhY2NvdW50cy5jb20=&passive=true&flowName=GeneralOAuthFlow&Entry=authlogin,intastellaraccounts.com,False,True,False,iframe_same_origin,True,True,stabilized,2.009698292000394,True,False,False,False,False,,False,False,False,False,False,False,False,False,,False,False,False,False,password_only,0.15,Password-only authentication detected (no FIDO2 or OTP).,False,,real_login_page,3,26.32
249,https://about.me,about.me,Society,United States of America,True,https://about.me/login,about.me,False,True,False,iframe_same_origin,False,True,stabilized,2.007508250000683,True,False,False,False,False,,False,False,False,False,False,False,False,False,,False,False,False,False,password_only,0.15,Password-only authentication detected (no FIDO2 or OTP).,False,,real_login_page,3,25.99
250,https://actionnetwork.org/,actionnetwork.org,Technology & Computing,United States of America,True,https://actionnetwork.org/users/sign_in,actionnetwork.org,False,True,False,iframe_same_origin,False,True,stabilized,2.007462042001862,True,False,False,False,False,,False,False,False,False,False,False,False,False,,False,False,False,False,password_only,0.15,Password-only authentication detected (no FIDO2 or OTP).,False,,real_login_page,3,43.0
251,https://activecollab.com/,activecollab.com,Business,United States of America,True,https://activecollab.com/login,activecollab.com,False,True,False,iframe_same_origin,False,True,stabilized,2.010707582998293,True,False,False,False,False,,False,False,False,False,False,False,False,False,,False,False,False,False,password_only,0.15,Password-only authentication detected (no FIDO2 or OTP).,False,,real_login_page,2,30.2
252,https://app.dext.com/,app.dext.com,Technology & Computing,Ireland,True,https://www.greenback.com/auth/signin?utm_source=dext_website,greenback.com,True,True,False,iframe_same_origin,True,True,stabilized,2.008961374998762,True,False,False,False,False,,False,False,False,False,False,False,False,False,,False,False,False,False,password_only,0.15,Password-only authentication detected (no FIDO2 or OTP).,False,,real_login_page,2,26.5
253,https://arca.live/,arca.live,Hobbies & Interests,United States of America,True,https://arca.live/u/login?goto=%2F,arca.live,False,False,False,iframe_same_origin,False,True,stabilized,2.0083979579976585,True,False,False,False,False,,False,False,False,False,False,False,False,False,,False,False,False,False,password_only,0.15,Password-only authentication detected (no FIDO2 or OTP).,False,,real_login_page,0,26.41
254,https://arconnet.com/,arconnet.com,Technology & Computing,India,True,https://arconnet.com/wp-login.php,arconnet.com,False,False,False,iframe_same_origin,False,True,stabilized,2.008715124997252,True,False,False,False,False,,False,False,False,False,False,False,False,False,,False,False,False,False,password_only,0.15,Password-only authentication detected (no FIDO2 or OTP).,False,,real_login_page,1,124.82
255,https://aternos.org/,aternos.org,Hobbies & Interests,Germany,True,https://aternos.org/go/,aternos.org,False,True,False,iframe_same_origin,True,True,stabilized,2.0096520829974907,True,False,False,False,False,,False,False,False,False,False,False,False,False,,False,False,False,False,password_only,0.15,Password-only authentication detected (no FIDO2 or OTP).,False,,real_login_page,3,24.39
256,https://awardwallet.com/,awardwallet.com,Personal Finance,United States of America,True,https://awardwallet.com/register,awardwallet.com,False,True,False,iframe_same_origin,True,True,stabilized,2.0103204580009333,True,False,False,False,False,,False,False,False,False,False,False,False,False,,False,False,False,False,password_only,0.15,Password-only authentication detected (no FIDO2 or OTP).,False,,real_login_page,2,27.31
257,https://aws.amazon.com/,aws.amazon.com,Technology & Computing,United States of America,True,https://eu-north-1.signin.aws.amazon.com/oauth?client_id=arn%3Aaws%3Asignin%3A%3A%3Aconsole%2Fcanvas&code_challenge=coanhcvmJYNg6kl_QZ_3EAyP5xEAU3fKpHW2ncu69M0&code_challenge_method=SHA-256&response_type=code&redirect_uri=https%3A%2F%2Fconsole.aws.amazon.com%2Fconsole%2Fhome%3Fca-oauth-flow-id%3D351e%26hashArgs%3D%2523%26isauthcode%3Dtrue%26nc2%3Dh_si%26oauthStart%3D1774250296997%26src%3Dheader-signin%26state%3DhashArgsFromTB_eu-north-1_71108c325c7fea19,amazon.com,False,True,False,iframe_same_origin,True,True,stabilized,2.008241708001151,True,False,False,False,False,,False,False,False,False,False,False,False,False,,False,False,False,False,password_only,0.15,Password-only authentication detected (no FIDO2 or OTP).,False,,real_login_page,5,107.8
258,https://basecamp.com/,basecamp.com,Society,United States of America,True,https://launchpad.37signals.com/signin,37signals.com,True,True,False,iframe_same_origin,True,True,stabilized,2.0081647080005496,True,False,False,False,False,,False,False,False,False,False,0.0,0.0,False,,0.0,False,False,False,password_only,0.15,Password-only authentication detected (no FIDO2 or OTP).,False,,real_login_page,2,28.16
259,https://bitstamp.net,bitstamp.net,Personal Finance,United States of America,True,https://www.bitstamp.net/onboarding/login/,bitstamp.net,False,True,False,iframe_same_origin,True,True,stabilized,2.008763624999119,True,False,False,False,False,,False,False,False,False,False,False,False,False,,False,False,False,False,password_only,0.15,Password-only authentication detected (no FIDO2 or OTP).,False,,real_login_page,3,28.12
260,https://bittrexglobal.com/,bittrexglobal.com,Personal Finance,United States of America,True,https://bittrex.com/account/login,bittrex.com,True,True,False,iframe_same_origin,True,True,stabilized,2.0079172090008797,True,False,False,False,False,,False,False,False,False,False,False,False,False,,False,False,False,False,password_only,0.15,Password-only authentication detected (no FIDO2 or OTP).,False,,real_login_page,1,21.76
261,https://cex.io/,cex.io,Personal Finance,United States of America,True,https://auth.cex.io/authorization/registration/individual,cex.io,False,True,False,iframe_same_origin,True,True,stabilized,2.0090956250023737,True,False,False,False,False,,False,False,False,False,False,0.0,0.0,False,,0.0,False,False,False,password_only,0.15,Password-only authentication detected (no FIDO2 or OTP).,False,,real_login_page,3,30.43
262,https://coinjar.com,coinjar.com,Personal Finance,Australia,True,https://secure.coinjar.com/users/sign_in,coinjar.com,False,True,False,iframe_same_origin,True,True,stabilized,2.0075165839989495,True,False,False,False,False,,False,False,False,False,False,0.0,0.0,False,,0.0,False,False,False,password_only,0.15,Password-only authentication detected (no FIDO2 or OTP).,False,,real_login_page,2,27.49
263,https://coinone.co.kr/,coinone.co.kr,Personal Finance,United States of America,True,https://coinone.co.kr/account/login/?next=%2Fmyaccount%2Flogin,co.kr,False,False,False,iframe_same_origin,False,True,stabilized,2.008662041000207,True,False,False,False,False,,False,False,False,False,False,0.0,0.0,False,,0.0,False,False,False,password_only,0.15,Password-only authentication detected (no FIDO2 or OTP).,False,,real_login_page,1,42.16
264,https://deploybot.com/,deploybot.com,Technology & Computing,United States of America,True,https://login.deploybot.com/session/new,deploybot.com,False,True,False,iframe_same_origin,True,True,stabilized,2.0074191249987052,True,False,False,False,False,,False,False,False,False,False,False,False,False,,False,False,False,False,password_only,0.15,Password-only authentication detected (no FIDO2 or OTP).,False,,real_login_page,3,33.03
265,https://detectify.com/,detectify.com,Technology & Computing,Sweden,True,https://detectify.com/createaccount,detectify.com,False,True,False,iframe_same_origin,True,True,stabilized,2.006029167001543,True,False,False,False,False,,False,False,False,False,False,False,False,False,,False,False,False,False,password_only,0.15,Password-only authentication detected (no FIDO2 or OTP).,False,,real_login_page,4,30.7
266,https://disqus.com,disqus.com,Technology & Computing,United States of America,True,https://disqus.com/publishers/login/?next=https://disqus.com/admin/,disqus.com,False,True,False,iframe_same_origin,True,True,stabilized,2.455277165998268,True,False,False,False,False,,False,False,False,False,False,False,False,False,,False,False,False,False,password_only,0.15,Password-only authentication detected (no FIDO2 or OTP).,False,,real_login_page,3,27.17
267,https://dnsimple.com/,dnsimple.com,Technology & Computing,United States of America,True,https://dnsimple.com/login,dnsimple.com,False,True,False,iframe_same_origin,True,True,stabilized,2.007489292001992,True,False,False,False,False,,False,False,False,False,False,False,False,False,,False,False,False,False,password_only,0.15,Password-only authentication detected (no FIDO2 or OTP).,False,,real_login_page,4,27.38
268,https://dreamhost.com,dreamhost.com,Technology & Computing,United States of America,True,https://panel.dreamhost.com/,dreamhost.com,False,True,False,iframe_same_origin,True,True,stabilized,2.008972374998848,True,False,False,False,False,,False,False,False,False,False,False,False,False,,False,False,False,False,password_only,0.15,Password-only authentication detected (no FIDO2 or OTP).,False,,real_login_page,4,24.85
269,https://drive.google.com,drive.google.com,Technology & Computing,United States of America,True,https://accounts.google.com/v3/signin/identifier?continue=https%3A%2F%2Fdrive.google.com%2Fdrive%2F%3Fdmr%3D1%26ec%3Dwgc-drive-%255Bmodule%255D-goto&dsh=S1175132257%3A1774255376974109&followup=https%3A%2F%2Fdrive.google.com%2Fdrive%2F%3Fdmr%3D1%26ec%3Dwgc-drive-%255Bmodule%255D-goto&osid=1&passive=1209600&service=wise&flowName=GlifWebSignIn&flowEntry=ServiceLogin&ifkv=AT1y2_WNTKasceS6fExDOAyZ4uXDSJvQa7NMhkvdxDo7CeS3TsXL6bZwJ1tBkR7NLl3enw9Vsg4s,google.com,False,True,False,iframe_same_origin,True,True,stabilized,2.009689458001958,True,False,False,False,False,,False,False,False,False,False,0.0,0.0,False,,0.0,False,False,False,password_only,0.15,Password-only authentication detected (no FIDO2 or OTP).,False,,real_login_page,3,151.41
270,https://duo.com/,duo.com,Technology & Computing,United States of America,True,https://admin.duosecurity.com/login?next=%2F,duosecurity.com,True,True,False,iframe_same_origin,True,True,stabilized,2.008586915999331,True,False,False,False,False,,False,False,False,False,False,False,False,False,,False,False,False,False,password_only,0.15,Password-only authentication detected (no FIDO2 or OTP).,False,,real_login_page,3,38.44
271,https://edu.google.com/,edu.google.com,Education,United States of America,True,https://accounts.google.com/v3/signin/identifier?continue=https%3A%2F%2Fclassroom.google.com&dsh=S2066216561%3A1774255907220609&passive=true&flowName=GlifWebSignIn&flowEntry=ServiceLogin&ifkv=AT1y2_WvDmHIO2IOxyglEIHLG9OvXcFDjp4KMvm1ClpbYIz6AwXcHITHaNCi2PaxSLjQFKCNtoHXlA,google.com,False,True,False,iframe_same_origin,True,True,stabilized,2.0093046669971955,True,False,False,False,False,,False,False,False,False,False,False,False,False,,False,False,False,False,password_only,0.15,Password-only authentication detected (no FIDO2 or OTP).,False,,real_login_page,4,57.71
272,https://eduid.ch/,eduid.ch,Education,Switzerland,True,https://eduid.ch/registration,eduid.ch,False,True,False,iframe_same_origin,True,True,stabilized,2.00877537499764,True,False,False,False,False,,False,False,False,False,False,False,False,False,,False,False,False,False,password_only,0.15,Password-only authentication detected (no FIDO2 or OTP).,False,,real_login_page,2,24.86
273,https://elements.envato.com/,elements.envato.com,Society,United States of America,True,https://elements.envato.com/sign-in,envato.com,False,True,False,iframe_same_origin,True,True,stabilized,2.0076854589970026,True,False,False,False,False,,False,False,False,False,False,0.0,0.0,False,,0.0,False,False,False,password_only,0.15,Password-only authentication detected (no FIDO2 or OTP).,False,,real_login_page,3,56.07
274,https://everbank.com,everbank.com,Personal Finance,United States of America,True,https://www.everbank.com/,everbank.com,False,True,False,iframe_same_origin,True,True,stabilized,2.008798332997685,True,False,False,False,False,,False,False,False,False,False,False,False,False,,False,False,False,False,password_only,0.15,Password-only authentication detected (no FIDO2 or OTP).,False,,real_login_page,2,36.14
275,https://fastmail.com,fastmail.com,Technology & Computing,Australia,True,https://app.fastmail.com/,fastmail.com,False,True,False,iframe_same_origin,True,True,stabilized,2.0074907920025,True,False,False,False,False,,False,False,False,False,False,False,False,False,,False,False,False,False,password_only,0.15,Password-only authentication detected (no FIDO2 or OTP).,False,,real_login_page,3,28.86
276,https://fedoraproject.org/,fedoraproject.org,Technology & Computing,Germany,True,https://accounts.fedoraproject.org/,fedoraproject.org,False,True,False,iframe_same_origin,True,True,stabilized,2.007221334002679,True,False,False,False,False,,False,False,False,False,False,False,False,False,,False,False,False,False,password_only,0.15,Password-only authentication detected (no FIDO2 or OTP).,False,,real_login_page,2,26.43
277,https://forge.laravel.com/,forge.laravel.com,Technology & Computing,United States of America,True,https://forge.laravel.com/sign-in,laravel.com,False,True,False,iframe_same_origin,True,True,stabilized,2.008996375003335,True,False,False,False,False,,False,False,False,False,False,False,False,False,,False,False,False,False,password_only,0.15,Password-only authentication detected (no FIDO2 or OTP).,False,,real_login_page,3,23.43
278,https://forum.level1techs.com/,forum.level1techs.com,Technology & Computing,United States of America,True,https://forum.level1techs.com/login,level1techs.com,False,True,False,iframe_same_origin,True,True,stabilized,2.007951249997859,True,False,False,False,False,,False,False,False,False,False,False,False,False,,False,False,False,False,password_only,0.15,Password-only authentication detected (no FIDO2 or OTP).,False,,real_login_page,4,28.63
279,https://forwardemail.net/,forwardemail.net,Technology & Computing,Iceland,True,https://forwardemail.net/en,forwardemail.net,False,True,False,iframe_same_origin,True,True,stabilized,2.004648875001294,True,False,False,False,False,,False,False,False,False,False,False,False,False,,False,False,False,False,password_only,0.15,Password-only authentication detected (no FIDO2 or OTP).,False,,real_login_page,2,32.18
280,https://fusionauth.io/,fusionauth.io,Technology & Computing,United States of America,True,https://login.fusionauth.io/oauth2/authorize?client_id=c50329fa-93e5-4618-8d9f-73d0ab069a54&scope=offline_access+profile&response_type=code&redirect_uri=https%3A%2F%2Faccount.fusionauth.io%2Flogin&state=csIBhZNdVZlFCN1eIWTyxuYgh1CvK3sj3gwcJba9nKU,fusionauth.io,False,True,False,iframe_same_origin,True,True,stabilized,2.009204916001181,True,False,False,False,False,,False,False,False,False,False,False,False,False,,False,False,False,False,password_only,0.15,Password-only authentication detected (no FIDO2 or OTP).,False,,real_login_page,3,38.69
281,https://gaijin.net,gaijin.net,Hobbies & Interests,Hungary,True,https://login.gaijin.net/en/sso/login/?return_url=aHR0cHM6Ly9zdG9yZS5nYWlqaW4ubmV0L2xvZ2luLnBocD9yZXR1cm49L2FjdGl2YXRlLnBocA%3D%3D&crc=0cc197e41abb4a4f0b2844970005eadb&base_return_url=1&public_key=7Cgsc5xNVXm3Yup9WGuD&refresh_token=1,gaijin.net,False,True,False,iframe_same_origin,True,True,stabilized,2.00705141599974,True,False,False,False,False,,False,False,False,False,False,False,False,False,,False,False,False,False,password_only,0.15,Password-only authentication detected (no FIDO2 or OTP).,False,,real_login_page,4,22.27
282,https://gandi.net,gandi.net,Business,France,True,https://id.gandi.net/en/login?redirect=https%3A%2F%2Fid.gandi.net%2Fen%2Fauthorize%3Fclient_id%3D56a74aae-7f20-11e5-93d5-00163e60d80f%26response_type%3Dcode%26redirect_uri%3Dhttps%253A%252F%252Fadmin.gandi.net%252Fdashboard%252Fapi%252Fv5%252Flogin%26state%3D16c9b54027,gandi.net,False,True,False,iframe_same_origin,True,True,stabilized,2.0078785000005155,True,False,False,False,False,,False,False,False,False,False,False,False,False,,False,False,False,False,password_only,0.15,Password-only authentication detected (no FIDO2 or OTP).,False,,real_login_page,1,30.95
283,https://gatehub.net,gatehub.net,Personal Finance,United States of America,True,https://signin.gatehub.net/,gatehub.net,False,True,False,iframe_same_origin,True,True,stabilized,2.0089522910020605,True,False,False,False,False,,False,False,False,False,False,False,False,False,,False,False,False,False,password_only,0.15,Password-only authentication detected (no FIDO2 or OTP).,False,,real_login_page,3,22.79
284,https://getflywheel.com,getflywheel.com,Technology & Computing,United States of America,True,https://app.getflywheel.com/login,getflywheel.com,False,True,False,iframe_same_origin,True,True,stabilized,2.005774624998594,True,False,False,False,False,,False,False,False,False,False,False,False,False,,False,False,False,False,password_only,0.15,Password-only authentication detected (no FIDO2 or OTP).,False,,real_login_page,4,37.24
285,https://hostiso.com/,hostiso.com,Technology & Computing,United States of America,True,https://hostiso.com/wp-login.php,hostiso.com,False,False,False,iframe_same_origin,False,True,stabilized,2.0083477499974833,True,False,False,False,False,,False,False,False,False,False,0.0,0.0,False,,0.0,False,False,False,password_only,0.15,Password-only authentication detected (no FIDO2 or OTP).,False,,real_login_page,1,28.58
286,https://ibm.com,ibm.com,Technology & Computing,Netherlands,True,https://www.ibm.com/account/reg/us-en/signup?formid=news-urx-51525,ibm.com,False,True,False,iframe_same_origin,True,True,stabilized,2.008975125001598,True,False,False,False,False,,False,False,False,False,False,False,False,False,,False,False,False,False,password_only,0.15,Password-only authentication detected (no FIDO2 or OTP).,False,,real_login_page,6,47.3
287,https://imgur.com,imgur.com,Society,United States of America,True,https://imgur.com/signin#%2F,imgur.com,False,True,False,iframe_same_origin,True,True,stabilized,2.0114876670013473,True,False,False,False,False,,False,False,False,False,False,False,False,False,,False,False,False,False,password_only,0.15,Password-only authentication detected (no FIDO2 or OTP).,False,,real_login_page,1,31.76
288,https://iniz.com,iniz.com,Technology & Computing,United States of America,True,https://my.iniz.com/login,iniz.com,False,True,False,iframe_same_origin,True,True,stabilized,2.005611124997813,True,False,False,False,False,,False,False,False,False,False,False,False,False,,False,False,False,False,password_only,0.15,Password-only authentication detected (no FIDO2 or OTP).,False,,real_login_page,2,25.67
289,https://jetbrains.com,jetbrains.com,Technology & Computing,United States of America,True,https://account.jetbrains.com/login,jetbrains.com,False,True,False,iframe_same_origin,True,False,none,False,True,False,False,False,False,,False,False,False,False,False,False,False,False,,False,False,False,False,password_only,0.15,Password-only authentication detected (no FIDO2 or OTP).,False,,real_login_page,3,75.83
290,https://joker.com,joker.com,Business,Germany,True,https://joker.com/user/login,joker.com,False,True,False,iframe_same_origin,False,True,stabilized,2.0062953749984445,True,False,False,False,False,,False,False,False,False,False,False,False,False,,False,False,False,False,password_only,0.15,Password-only authentication detected (no FIDO2 or OTP).,False,,real_login_page,5,23.51
291,https://koofr.eu,koofr.eu,Technology & Computing,Germany,True,https://app.koofr.net/login,koofr.net,True,True,False,iframe_same_origin,True,True,stabilized,2.006449500000599,True,False,False,False,False,,False,False,False,False,False,0.0,0.0,False,,0.0,False,False,False,password_only,0.15,Password-only authentication detected (no FIDO2 or OTP).,False,,real_login_page,4,24.62
292,https://launchpad.net,launchpad.net,Technology & Computing,United Kingdom,True,https://login.launchpad.net/yxn4TDCzXjeRWTLG/+decide,launchpad.net,False,True,False,iframe_same_origin,True,True,stabilized,2.0083409170001687,True,False,False,False,False,,False,False,False,False,False,0.0,0.0,False,,0.0,False,False,False,password_only,0.15,Password-only authentication detected (no FIDO2 or OTP).,False,,real_login_page,3,22.59
293,https://lichess.org,lichess.org,Hobbies & Interests,France,True,https://lichess.org/login?referrer=/,lichess.org,False,True,False,iframe_same_origin,True,True,stabilized,2.005813959000079,True,False,False,False,False,,False,False,False,False,False,0.0,0.0,False,,0.0,False,False,False,password_only,0.15,Password-only authentication detected (no FIDO2 or OTP).,False,,real_login_page,2,28.54
294,https://linkedin.com,linkedin.com,Society,United States of America,True,https://www.linkedin.com/login?fromSignIn=true&trk=guest_homepage-basic_nav-header-signin,linkedin.com,False,True,False,iframe_same_origin,True,True,stabilized,2.003495125001791,True,False,False,False,False,,False,False,False,False,False,False,False,False,,False,False,False,False,password_only,0.15,Password-only authentication detected (no FIDO2 or OTP).,False,,real_login_page,3,33.85
295,https://login.gov,login.gov,Law Government & Politics,United States of America,True,https://secure.login.gov/,login.gov,False,True,False,iframe_same_origin,True,True,stabilized,2.007834707997972,True,False,False,False,False,,False,False,False,False,False,False,False,False,,False,False,False,False,password_only,0.15,Password-only authentication detected (no FIDO2 or OTP).,False,,real_login_page,2,25.74
296,https://mail.de/,mail.de,Technology & Computing,Germany,True,https://signup.mail.de/de/,mail.de,False,False,False,iframe_same_origin,False,True,stabilized,2.0066350839988445,True,False,False,False,False,,False,False,False,False,False,False,False,False,,False,False,False,False,password_only,0.15,Password-only authentication detected (no FIDO2 or OTP).,False,,real_login_page,2,20.57
297,https://mail.riseup.net,mail.riseup.net,Technology & Computing,United States of America,True,https://mail.riseup.net/rc/,riseup.net,False,True,False,iframe_same_origin,True,True,stabilized,2.0079914170019038,True,False,False,False,False,,False,False,False,False,False,False,False,False,,False,False,False,False,password_only,0.15,Password-only authentication detected (no FIDO2 or OTP).,False,,real_login_page,2,20.64
298,https://mega.nz/,mega.nz,Technology & Computing,Luxembourg,True,https://mega.nz/login,mega.nz,False,True,False,iframe_same_origin,True,True,stabilized,2.010108291000506,True,False,False,False,False,,False,False,False,False,False,0.0,0.0,False,,0.0,False,False,False,password_only,0.15,Password-only authentication detected (no FIDO2 or OTP).,False,,real_login_page,3,51.58
299,https://na.square-enix.com/,na.square-enix.com,Hobbies & Interests,Japan,True,https://membership.square-enix.com/users/sign_in,square-enix.com,False,True,False,iframe_same_origin,True,True,stabilized,2.019372041999304,True,False,False,False,False,,False,False,False,False,False,False,False,False,,False,False,False,False,password_only,0.15,Password-only authentication detected (no FIDO2 or OTP).,False,,real_login_page,5,31.82
300,https://nescafe.com,nescafe.com,Food & Drink,United States of America,True,https://www.nescafe.com/be/fr-be/login,nescafe.com,False,False,False,iframe_same_origin,False,True,stabilized,2.0060091670020483,True,False,False,False,False,,False,False,False,False,False,False,False,False,,False,False,False,False,password_only,0.15,Password-only authentication detected (no FIDO2 or OTP).,False,,real_login_page,4,58.83
301,https://netflix.com,netflix.com,Arts & Entertainment,United States of America,True,https://www.netflix.com/be-en/login?nextpage=https%3A%2F%2Fwww.netflix.com%2Fyouraccount&serverState=%7B%22realm%22%3A%22growth%22%2C%22name%22%3A%22IDENTIFICATION%22%2C%22clcsSessionId%22%3A%22a600cb04-891d-4eb3-bcf5-5a78ec1558ad%22%2C%22sessionContext%22%3A%7B%22session-breadcrumbs%22%3A%7B%22funnel_name%22%3A%22loginWeb%22%7D%2C%22login.navigationSettings%22%3A%7B%22nextPage%22%3A%22https%3A%2F%2Fwww.netflix.com%2Fyouraccount%22%7D%7D%7D,netflix.com,False,True,False,iframe_same_origin,True,True,stabilized,2.006871208999655,True,False,False,False,False,,False,False,False,False,False,False,False,False,,False,False,False,False,password_only,0.15,Password-only authentication detected (no FIDO2 or OTP).,False,,real_login_page,4,31.81
302,https://newrelic.com,newrelic.com,Technology & Computing,United States of America,True,https://login.newrelic.com/?return_to=https%3A%2F%2Fone.newrelic.com%2F,newrelic.com,False,True,False,iframe_same_origin,True,True,stabilized,2.0096707500051707,True,False,False,False,False,,False,False,False,False,False,0.0,0.0,False,,0.0,False,False,False,password_only,0.15,Password-only authentication detected (no FIDO2 or OTP).,False,,real_login_page,4,67.97
303,https://noknok.com/,noknok.com,Technology & Computing,United States of America,True,https://apps.e-signlive.com/login,e-signlive.com,True,True,False,iframe_same_origin,True,True,stabilized,2.0057424159967923,True,False,False,False,False,,False,False,False,False,False,False,False,False,,False,False,False,False,password_only,0.15,Password-only authentication detected (no FIDO2 or OTP).,False,,real_login_page,4,28.69
304,https://onespan.com,onespan.com,Technology & Computing,United States of America,True,https://apps.e-signlive.com/login,e-signlive.com,True,True,False,iframe_same_origin,True,True,stabilized,2.008411791997787,True,False,False,False,False,,False,False,False,False,False,False,False,False,,False,False,False,False,password_only,0.15,Password-only authentication detected (no FIDO2 or OTP).,False,,real_login_page,4,28.54
305,https://opensrs.com,opensrs.com,Business,United States of America,True,https://manage.shopco.com/login,shopco.com,True,True,False,iframe_same_origin,True,True,stabilized,2.0084628330005216,True,False,False,False,False,,False,False,False,False,False,False,False,False,,False,False,False,False,password_only,0.15,Password-only authentication detected (no FIDO2 or OTP).,False,,real_login_page,3,55.42
306,https://papertrailapp.com/,papertrailapp.com,Technology & Computing,United States of America,True,https://my.solarwinds.cloud/login?client_id=papertrail&redirect_uri=https%3A%2F%2Fpapertrailapp.com%2Faccount%2Fauth%2Fswicus%2Fcallback&response_type=code&scope=openid+swicus&state=Z3PYiJwb8ZluCK7mKgPtDyWgu%2FUGQI0ZXdkdZiobzPQ%3D,solarwinds.cloud,True,True,False,iframe_same_origin,True,True,stabilized,2.0070182919953368,True,False,False,False,False,,False,False,False,False,False,False,False,False,,False,False,False,False,password_only,0.15,Password-only authentication detected (no FIDO2 or OTP).,False,,real_login_page,2,21.76
307,https://phacility.com/,phacility.com,Technology & Computing,United States of America,True,https://admin.phacility.com/,phacility.com,False,True,False,iframe_same_origin,True,True,stabilized,2.007651917003386,True,False,False,False,False,,False,False,False,False,False,False,False,False,,False,False,False,False,password_only,0.15,Password-only authentication detected (no FIDO2 or OTP).,False,,real_login_page,2,22.98
308,https://raygun.com,raygun.com,Technology & Computing,New Zealand,True,https://app.raygun.com/signin?ReturnUrl=%2F,raygun.com,False,True,False,iframe_same_origin,True,True,stabilized,2.007612875000632,True,False,False,False,False,,False,False,False,False,False,False,False,False,,False,False,False,False,password_only,0.15,Password-only authentication detected (no FIDO2 or OTP).,False,,real_login_page,2,23.93
309,https://rbltracker.com/,rbltracker.com,Technology & Computing,Canada,True,https://portal.generatorlabs.com/login,generatorlabs.com,True,True,False,iframe_same_origin,True,True,stabilized,2.007298416996491,True,False,False,False,False,,False,False,False,False,False,False,False,False,,False,False,False,False,password_only,0.15,Password-only authentication detected (no FIDO2 or OTP).,False,,real_login_page,3,26.34
310,https://realtimeregister.com/,realtimeregister.com,Technology & Computing,Netherlands,True,https://dm.realtimeregister.com/app/login,realtimeregister.com,False,True,False,iframe_same_origin,True,True,stabilized,2.005562666003243,True,False,False,False,False,,False,False,False,False,False,False,False,False,,False,False,False,False,password_only,0.15,Password-only authentication detected (no FIDO2 or OTP).,False,,real_login_page,4,23.39
311,https://rebrandly.com,rebrandly.com,Business,Ireland,True,https://oauth.rebrandly.com/Account/Login?ReturnUrl=%2Fconnect%2Fauthorize%2Fcallback%3Fclient_id%3D1FEB3DDD-8AC7-4F83-A2B3-ED4EB558DFA2%26redirect_uri%3Dhttps%253A%252F%252Fapp.rebrandly.com%26state%3DeyJwYXRoIjoiL2xpbmtzIn0%253D%26response_type%3Dcode%26acr_values%3Dcmd%253Arelogin%2520flow%253Auser%2520plan%253A16f08fb9749d417eb142a326a2d0527c%26scope%3Drbapi%2520offline_access%2520rbapikeys%2520rbinvites%2520rbdowngrade&_gl=1*dps50n*_gcl_aw*R0NMLjE3Njk2MjAzNjYuQ2owS0NRaUExY3pMQmhEaEFSSXNBSUVjN3VpMldYRkQ4YTJiS0NxYlIwcDJVOThqLVpmUGxvdzVHTDlwQTJjaXRJNmZrcHRjQVZxWHQtMGFBaHpWRUFMd193Y0I.*_gcl_au*ODEzMTE1NTEuMTc2NjE2MTE4OC4xMDYzNTUzNTcwLjE3Njk2MjI5NjQuMTc2OTYyMjk2NA..*_ga*MTg2MzQzNDE0LjE3NjYxNjExODg.*_ga_YRLT2KW7ZZ*czE3Njk2OTg3ODQkbzUwJGcxJHQxNzY5Njk4Nzg0JGo2MCRsMCRoMA..,rebrandly.com,False,True,False,iframe_same_origin,True,True,stabilized,2.0072263330002897,True,False,False,False,False,,False,False,False,False,False,False,False,False,,False,False,False,False,password_only,0.15,Password-only authentication detected (no FIDO2 or OTP).,False,,real_login_page,4,27.08
312,https://registro.br,registro.br,Business,Brazil,True,https://registro.br/login/,registro.br,False,False,False,iframe_same_origin,False,True,stabilized,2.0076245840027696,True,False,False,False,False,,False,False,False,False,False,False,False,False,,False,False,False,False,password_only,0.15,Password-only authentication detected (no FIDO2 or OTP).,False,,real_login_page,2,26.36
313,https://roblox.com,roblox.com,Hobbies & Interests,United States of America,True,https://www.roblox.com/login,roblox.com,False,True,False,iframe_same_origin,True,True,stabilized,2.00767312500102,True,False,False,False,False,,False,False,False,False,False,False,False,False,,False,False,False,False,password_only,0.15,Password-only authentication detected (no FIDO2 or OTP).,False,,real_login_page,1,30.1
314,https://rollbar.com/,rollbar.com,Technology & Computing,United States of America,True,https://app.rollbar.com/login?mid=0432c584-52bb-435b-986f-e2904006d183,rollbar.com,False,True,False,iframe_same_origin,True,True,stabilized,2.0072554590005893,True,False,False,False,False,,False,False,False,False,False,False,False,False,,False,False,False,False,password_only,0.15,Password-only authentication detected (no FIDO2 or OTP).,False,,real_login_page,3,24.16
315,https://saucelabs.com,saucelabs.com,Technology & Computing,United States of America,True,https://accounts.saucelabs.com/am/XUI/#login/,saucelabs.com,False,True,False,iframe_same_origin,True,True,stabilized,2.007412375001877,True,False,False,False,False,,False,False,False,False,False,0.0,0.0,False,,0.0,False,False,False,password_only,0.15,Password-only authentication detected (no FIDO2 or OTP).,False,,real_login_page,4,26.41
316,https://sendlinx.com/,sendlinx.com,Technology & Computing,United States of America,True,https://portal.sendlinx.com/auth/login,sendlinx.com,False,True,False,iframe_same_origin,True,True,stabilized,2.0078861670044716,True,False,False,False,False,,False,False,False,False,False,0.0,0.0,False,,0.0,False,False,False,password_only,0.15,Password-only authentication detected (no FIDO2 or OTP).,False,,real_login_page,2,26.33
317,https://sentry.io,sentry.io,Technology & Computing,United States of America,True,https://sentry.io/auth/login/,sentry.io,False,True,False,iframe_same_origin,True,True,stabilized,2.0061884999959148,True,False,False,False,False,,False,False,False,False,False,False,False,False,,False,False,False,False,password_only,0.15,Password-only authentication detected (no FIDO2 or OTP).,False,,real_login_page,4,30.29
318,https://sparkpost.com/,sparkpost.com,Technology & Computing,United States of America,True,https://app.bird.com/auth/login,bird.com,True,True,False,iframe_same_origin,True,True,stabilized,2.0066189999997732,True,False,False,False,False,,False,False,False,False,False,False,False,False,,False,False,False,False,password_only,0.15,Password-only authentication detected (no FIDO2 or OTP).,False,,real_login_page,6,31.43
319,https://staging.authereum.com/,staging.authereum.com,Technology & Computing,United States of America,True,https://staging.authereum.com/login,authereum.com,False,True,False,iframe_same_origin,True,True,stabilized,2.005640832998324,True,False,False,False,False,,False,False,False,False,False,False,False,False,,False,False,False,False,password_only,0.15,Password-only authentication detected (no FIDO2 or OTP).,False,,real_login_page,2,26.7
320,https://status.io/,status.io,Technology & Computing,United States of America,True,https://app.status.io/login,status.io,False,True,False,iframe_same_origin,True,True,stabilized,2.007748249998258,True,False,False,False,False,,False,False,False,False,False,False,False,False,,False,False,False,False,password_only,0.15,Password-only authentication detected (no FIDO2 or OTP).,False,,real_login_page,3,23.93
321,https://thehendrixjc.com,thehendrixjc.com,Travel,United States of America,True,https://welcome.livly.io/login,livly.io,True,True,False,iframe_same_origin,True,True,stabilized,2.007609500004037,True,False,False,False,False,,False,False,False,False,False,False,False,False,,False,False,False,False,password_only,0.15,Password-only authentication detected (no FIDO2 or OTP).,False,,real_login_page,2,28.86
322,https://uphold.com/,uphold.com,Personal Finance,United States of America,True,https://wallet.uphold.com/login?utm_source=website&utm_medium=navbar&utm_campaign=web-launch,uphold.com,False,True,False,iframe_same_origin,True,True,stabilized,2.0071549999993294,True,False,False,False,False,,False,False,False,False,False,False,False,False,,False,False,False,False,password_only,0.15,Password-only authentication detected (no FIDO2 or OTP).,False,,real_login_page,1,43.34
323,https://uptimerobot.com,uptimerobot.com,Technology & Computing,United States of America,True,https://dashboard.uptimerobot.com/login,uptimerobot.com,False,True,False,iframe_same_origin,False,True,stabilized,2.00643124999624,True,False,False,False,False,,False,False,False,False,False,False,False,False,,False,False,False,False,password_only,0.15,Password-only authentication detected (no FIDO2 or OTP).,False,,real_login_page,5,24.53
324,https://us.norton.com,us.norton.com,Technology & Computing,United States of America,True,https://login.norton.com/sso/idp/OIDC?client_id=YK73XHSPCM%2Fmy.norton.com%2Fnortonlifelock&redirect_uri=https%3A%2F%2Fmy.norton.com%2Fsignin-norton&response_type=code&scope=openid%20profile%20email%20address%20phone%20spa_auth%20session_state%20device_all%20ngp_ncs_read%20ngp_ncs_write%20nf_ncs_read%20nf_ncs_write%20cloudconnect%20lifelock&code_challenge=7EYkbiqDd9sSAkkpiOy8SX-oGv1Qsh1kMs3uTuakA-A&code_challenge_method=S256&nonce=639098647969389418.N2I2NWNmYzktODlmYS00M2RhLTg3ZjgtYzU4ODQ3N2YzMzQwNWQ0ZDI4NGItMGNiZi00NTdlLTk2MTYtOWJlOGRkNzViMjkw&gentraceid=6ef0e09e-39e2-4089-aee1-8cf651b435ea&acr_values=&locale=en_US&state=CfDJ8GM1Hf-koBFIkC7NoBsoS_OZ1BFfCq0zqjTXB4b0Z5sQa2AJAxH1QBDq1ApSaHV1IuuHF5xD8bwCsxQ0xmC5spYDziS0BaQCO0zG3CR3AHMccfBEugFHP8OI7HL35DDrPgWkTmd9gM3ych6Bj9QpiwQTl0rrORzgqKpt9_ngmvBMbvP4VZe-iXEX0YJ6GzZL0lOs1FoWY9ItIuwT4uIQmLroDKuQ3sWAifOsSyMkn7UnA8_8SjdrLChpfWLhlGFBOdo5DTKwf6I_rnFpoKT6Rg4Y7nQxI0X8iTWj3Iip-1sF5paP_ItY7sTdl0dt7XQ4ljKUNhCrM63f10WflBTbXSYlR9bwju3ME3VRgek07vGYk7ErfZ5Iy7gIYydgr_dTyIyrl6aEYayluZ-KP8M03gdTIqLg8rywbvsBptd64TXbLIH-qNZjizNKpzRtNJpit090ksx5X7_D4ZP7ElPMR8CoQWwW0cL4EY11VmaNOvtX&x-client-SKU=ID_NET8_0&x-client-ver=7.1.2.0,norton.com,False,True,False,iframe_same_origin,False,True,stabilized,2.005523042003915,True,False,False,False,False,,False,False,False,False,False,False,False,False,,False,False,False,False,password_only,0.15,Password-only authentication detected (no FIDO2 or OTP).,False,,real_login_page,4,45.81
325,https://verizon.com,verizon.com,Technology & Computing,United States of America,True,https://mblogin.verizonwireless.com/account/business/ilogin?cmp=vcgref_naveyebrow&adobe_mc=MCMID%3D79888763222587016341205789296077901687%7CMCORGID%3D7ED836675AB3A4860A495CAD%2540AdobeOrg%7CTS%3D1774268489,verizonwireless.com,True,False,False,iframe_same_origin,False,True,stabilized,2.6269148330029566,True,False,False,False,False,,False,False,False,False,False,False,False,False,,False,False,False,False,password_only,0.15,Password-only authentication detected (no FIDO2 or OTP).,False,,real_login_page,1,63.72
326,https://vip.symantec.com/,vip.symantec.com,Technology & Computing,United States of America,True,https://www.facebook.com/notes/facebook-engineering/introducing-login-approvals/10150172618258920/,facebook.com,True,True,False,iframe_same_origin,True,True,stabilized,2.0100576669938164,True,False,False,False,False,,False,False,False,False,False,False,False,False,,False,False,False,False,password_only,0.15,Password-only authentication detected (no FIDO2 or OTP).,False,,real_login_page,2,28.15
327,https://wasabi.com/,wasabi.com,Technology & Computing,United States of America,True,https://console.wasabisys.com/login,wasabisys.com,True,True,False,iframe_same_origin,True,True,stabilized,2.0086145829991437,True,False,False,False,False,,False,False,False,False,False,False,False,False,,False,False,False,False,password_only,0.15,Password-only authentication detected (no FIDO2 or OTP).,False,,real_login_page,2,26.01
328,https://wpmudev.com/,wpmudev.com,Technology & Computing,Australia,True,https://wpmudev.com/login/,wpmudev.com,False,True,False,iframe_same_origin,True,True,stabilized,2.0073615000001155,True,False,False,False,False,,False,False,False,False,False,False,False,False,,False,False,False,False,password_only,0.15,Password-only authentication detected (no FIDO2 or OTP).,False,,real_login_page,3,26.22
329,https://www.34SP.com,34SP.com,Technology & Computing,United States of America,True,https://account.34sp.com/login,34sp.com,False,True,False,iframe_same_origin,True,True,stabilized,2.0078072500036797,True,False,False,False,False,,False,False,False,False,False,False,False,False,,False,False,False,False,password_only,0.15,Password-only authentication detected (no FIDO2 or OTP).,False,,real_login_page,3,24.42
330,https://www.alliantcreditunion.org/,alliantcreditunion.org,Personal Finance,United States of America,True,https://www.alliantcreditunion.com/OnlineBanking/Login.aspx,alliantcreditunion.com,True,True,False,iframe_same_origin,True,True,stabilized,2.0057760829949984,True,False,False,False,False,,False,False,False,False,False,False,False,False,,False,False,False,False,password_only,0.15,Password-only authentication detected (no FIDO2 or OTP).,False,,real_login_page,3,41.9
331,https://www.bbt.com/,bbt.com,Personal Finance,United States of America,True,https://www.truist.com/small-business,truist.com,True,True,False,iframe_same_origin,True,True,stabilized,2.006890333002957,True,False,False,False,False,,False,False,False,False,False,False,False,False,,False,False,False,False,password_only,0.15,Password-only authentication detected (no FIDO2 or OTP).,False,,real_login_page,3,35.3
332,https://www.biggerpockets.com,biggerpockets.com,Society,United States of America,True,https://www.biggerpockets.com/login,biggerpockets.com,False,True,False,iframe_same_origin,True,True,stabilized,2.0063006660057,True,False,False,False,False,,False,False,False,False,False,False,False,False,,False,False,False,False,password_only,0.15,Password-only authentication detected (no FIDO2 or OTP).,False,,real_login_page,4,26.41
333,https://www.bitfinex.com,bitfinex.com,Personal Finance,United States of America,True,https://www.bitfinex.com/login/,bitfinex.com,False,True,False,iframe_same_origin,True,True,stabilized,2.0046162080034264,True,False,False,False,False,,False,False,False,False,False,False,False,False,,False,False,False,False,password_only,0.15,Password-only authentication detected (no FIDO2 or OTP).,False,,real_login_page,4,25.64
334,https://www.blackdesertonline.com/,blackdesertonline.com,Hobbies & Interests,Netherlands,True,https://account.pearlabyss.com/en-US/Member/Signin?_returnUrl=https://account.pearlabyss.com/en-US/Account/MyInfo/AccountSecurity,pearlabyss.com,True,True,False,iframe_same_origin,True,True,stabilized,2.093027250004525,True,False,False,False,False,,False,False,False,False,False,False,False,False,,False,False,False,False,password_only,0.15,Password-only authentication detected (no FIDO2 or OTP).,False,,real_login_page,2,48.44
335,https://www.bohemia.net/,bohemia.net,Hobbies & Interests,Czech Republic,True,https://accounts.bistudio.com/auth,bistudio.com,True,True,False,iframe_same_origin,False,True,stabilized,2.0065277080066153,True,False,False,False,False,,False,False,False,False,False,False,False,False,,False,False,False,False,password_only,0.15,Password-only authentication detected (no FIDO2 or OTP).,False,,real_login_page,3,27.96
336,https://www.capitalone.com/,capitalone.com,Personal Finance,United States of America,True,https://verified.capitalone.com/auth/signin,capitalone.com,False,True,False,iframe_same_origin,True,True,stabilized,2.006228915997781,True,False,False,False,False,,False,False,False,False,False,False,False,False,,False,False,False,False,password_only,0.15,Password-only authentication detected (no FIDO2 or OTP).,False,,real_login_page,4,27.81
337,https://www.cbtnuggets.com/,cbtnuggets.com,Education,United States of America,True,https://www.cbtnuggets.com/signup,cbtnuggets.com,False,True,False,iframe_same_origin,True,True,stabilized,2.0064870420028456,True,False,False,False,False,,False,False,False,False,False,False,False,False,,False,False,False,False,password_only,0.15,Password-only authentication detected (no FIDO2 or OTP).,False,,real_login_page,5,27.12
338,https://www.cdn77.com,cdn77.com,Technology & Computing,Czech Republic,True,https://client.cdn77.com/login,cdn77.com,False,True,False,iframe_same_origin,True,True,stabilized,2.0080449159941054,True,False,False,False,False,,False,False,False,False,False,False,False,False,,False,False,False,False,password_only,0.15,Password-only authentication detected (no FIDO2 or OTP).,False,,real_login_page,2,25.46
339,https://www.chase.com/,chase.com,Personal Finance,United States of America,True,https://www.chase.com/,chase.com,False,True,False,iframe_same_origin,True,True,stabilized,2.0071319160051644,True,False,False,False,False,,False,False,False,False,False,False,False,False,,False,False,False,False,password_only,0.15,Password-only authentication detected (no FIDO2 or OTP).,False,,real_login_page,3,24.31
340,https://www.chimebank.com,chimebank.com,Personal Finance,United States of America,False,https://www.chime.com/,chime.com,True,True,False,iframe_same_origin,False,True,stabilized,2.012773834001564,True,False,False,False,False,,False,False,False,False,False,False,False,False,,False,False,False,False,password_only,0.15,Password-only authentication detected (no FIDO2 or OTP).,False,,real_login_page,3,24.38
341,https://www.cloudns.net/,cloudns.net,Business,Germany,True,https://www.cloudns.net/dns-services/,cloudns.net,False,True,False,iframe_same_origin,True,True,stabilized,2.0068210839963285,True,False,False,False,False,,False,False,False,False,False,False,False,False,,False,False,False,False,password_only,0.15,Password-only authentication detected (no FIDO2 or OTP).,False,,real_login_page,4,30.1
342,https://www.coinfloor.co.uk/,coinfloor.co.uk,Personal Finance,United States of America,True,https://www.coincorner.com/login,coincorner.com,True,True,False,iframe_same_origin,True,True,stabilized,2.0071222500046133,True,False,False,False,False,,False,False,False,False,False,False,False,False,,False,False,False,False,password_only,0.15,Password-only authentication detected (no FIDO2 or OTP).,False,,real_login_page,5,35.68
343,https://www.commbank.com.au/,commbank.com.au,Personal Finance,Norway,True,https://www3.my.commbiz.commbank.com.au/cbp/login,com.au,False,False,False,iframe_same_origin,False,True,stabilized,2.0070599999962724,True,False,False,False,False,,False,False,False,False,False,False,False,False,,False,False,False,False,password_only,0.15,Password-only authentication detected (no FIDO2 or OTP).,False,,real_login_page,2,26.33
344,https://www.dcu.org,dcu.org,Personal Finance,United States of America,True,https://www.dcu.org/,dcu.org,False,True,False,iframe_same_origin,True,True,stabilized,2.0051810419972753,True,False,False,False,False,,False,False,False,False,False,False,False,False,,False,False,False,False,password_only,0.15,Password-only authentication detected (no FIDO2 or OTP).,False,,real_login_page,1,32.62
345,https://www.deezer.com,deezer.com,Arts & Entertainment,France,True,https://account.deezer.com/en-us/login/,deezer.com,False,True,False,iframe_same_origin,False,True,stabilized,2.007004999999481,True,False,False,False,False,,False,False,False,False,False,False,False,False,,False,False,False,False,password_only,0.15,Password-only authentication detected (no FIDO2 or OTP).,False,,real_login_page,3,26.52
346,https://www.degiro.nl,degiro.nl,Personal Finance,United States of America,True,https://trader.degiro.nl/login/nl#/login,degiro.nl,False,True,False,iframe_same_origin,True,True,stabilized,2.005408416996943,True,False,False,False,False,,False,False,False,False,False,False,False,False,,False,False,False,False,password_only,0.15,Password-only authentication detected (no FIDO2 or OTP).,False,,real_login_page,4,29.49
347,https://www.deployhq.com/,deployhq.com,Technology & Computing,United Kingdom,True,https://identity.deployhq.com/login/deploy,deployhq.com,False,True,False,iframe_same_origin,True,True,stabilized,2.004434709000634,True,False,False,False,False,,False,False,False,False,False,False,False,False,,False,False,False,False,password_only,0.15,Password-only authentication detected (no FIDO2 or OTP).,False,,real_login_page,3,24.31
348,https://www.desertfinancial.com,desertfinancial.com,Personal Finance,Sweden,True,https://olb.desertfinancial.com/Authentication,desertfinancial.com,False,True,False,iframe_same_origin,True,True,stabilized,2.0042117920020246,True,False,False,False,False,,False,False,False,False,False,False,False,False,,False,False,False,False,password_only,0.15,Password-only authentication detected (no FIDO2 or OTP).,False,,real_login_page,2,44.43
349,https://www.dnsmadeeasy.com,dnsmadeeasy.com,Business,United States of America,True,https://cp.dnsmadeeasy.com/account/new,dnsmadeeasy.com,False,True,False,iframe_same_origin,True,True,stabilized,2.0105693750010687,True,False,False,False,False,,False,False,False,False,False,False,False,False,,False,False,False,False,password_only,0.15,Password-only authentication detected (no FIDO2 or OTP).,False,,real_login_page,2,36.08
350,https://www.ea.com/,ea.com,Arts & Entertainment,United States of America,True,https://signin.ea.com/p/juno/login?execution=e1645370844s1&initref=https%3A%2F%2Faccounts.ea.com%3A443%2Fconnect%2Fauth%3Fdisplay%3DjunoWeb%252Flogin%26response_type%3Dcode%26redirect_uri%3Dhttps%253A%252F%252Fwww.ea.com%252Flogin_check%26state%3Dec7895d2-ca69-4b4b-9cbb-9326fdf8f5f7%26locale%3Den_US%26client_id%3DEADOTCOM-WEB-SERVER,ea.com,False,True,False,iframe_same_origin,False,True,stabilized,2.0087852079959703,True,False,False,False,False,,False,False,False,False,False,False,False,False,,False,False,False,False,password_only,0.15,Password-only authentication detected (no FIDO2 or OTP).,False,,real_login_page,5,46.61
351,https://www.egnyte.com/,egnyte.com,Technology & Computing,Iceland,True,https://www.egnyte.com/login#basic,egnyte.com,False,True,False,iframe_same_origin,False,True,stabilized,2.0083145829994464,True,False,False,False,False,,False,False,False,False,False,False,False,False,,False,False,False,False,password_only,0.15,Password-only authentication detected (no FIDO2 or OTP).,False,,real_login_page,1,40.63
352,https://www.entrust.com/,entrust.com,Technology & Computing,United States of America,True,https://account.evidos.com/Account/Login,evidos.com,True,True,False,iframe_same_origin,True,True,stabilized,2.0044123340048827,True,False,False,False,False,,False,False,False,False,False,False,False,False,,False,False,False,False,password_only,0.15,Password-only authentication detected (no FIDO2 or OTP).,False,,real_login_page,2,27.28
353,https://www.esri.com,esri.com,Technology & Computing,United States of America,True,https://www.arcgis.com/sharing/rest/oauth2/authorize?client_id=esriapps&response_type=token&showSignupOption=true&signuptype=publicaccount&locale=en&expiration=480&redirect_uri=https%3A%2F%2Fwww.esri.com%2Fen-us%2F%2Fsignin%3Fredirect_success%3Dhttps%253A%252F%252Fwww.esri.com%252Fen-us%252Fhome,arcgis.com,True,True,False,iframe_same_origin,True,True,stabilized,2.007195457998023,True,False,False,False,False,,False,False,False,False,False,False,False,False,,False,False,False,False,password_only,0.15,Password-only authentication detected (no FIDO2 or OTP).,False,,real_login_page,2,28.56
354,https://www.eveonline.com/,eveonline.com,Arts & Entertainment,Iceland,True,https://login.eveonline.com/account/logon?ReturnUrl=%2Fv2%2Foauth%2Fauthorize%3Fresponse_type%3Dcode%26client_id%3DwwwEveOnline%26redirect_uri%3Dhttps%253A%252F%252Fwww.eveonline.com%252Fapi%252Fauth%252Fcallback%252Feveonline%26scope%3DeveClientLogin%2Brecruit.signup.v1%2Bcisservice.userProfileBasic.v1%2Bcisservice.customerRead.v1%2Bvgs.transactionRead.v1%2Bvgs.marketAccess.v1%26lang%3Den%26state%3DeyJhbGciOiJkaXIiLCJlbmMiOiJBMjU2Q0JDLUhTNTEyIiwia2lkIjoiSURySU44ZHFGOXlHWkpEdGh0UHlXcVpvblBNSUVrR0IzWjEwRlNiMmNmQlVrUFRhanVCb2RNV3Z5MExiVU0tcGs5STI3emRDbTBDTFRfWjNtS3VlcWcifQ..c_H7uKYtk0pP1eVE4oM16g.IoEBD2K6GPkFj-_zpfUlJt_ooBq01FVmm694gfhQ8rp8-bNFc_tRlnKEsHFR6JMbEXyERIw2jKSRkzjp3zjtt6igGTB_0FAVJ_xd56EdZb3W4wPsas9gGuM5kL7JPN4d-RzrywHA_vAb8hF0NqJHM7zkcRlgKQre5wL9dNGopNDlTdQApesVtaiew4yHq4Tn.OpD8p3SeZIP8Mk6T7Z7p-7YTfNY2c9_iRJDW1XbSHAE,eveonline.com,False,True,False,iframe_same_origin,True,True,stabilized,2.0054098749969853,True,False,False,False,False,,False,False,False,False,False,False,False,False,,False,False,False,False,password_only,0.15,Password-only authentication detected (no FIDO2 or OTP).,False,,real_login_page,3,50.24
355,https://www.firstrepublic.com/,firstrepublic.com,Personal Finance,United States of America,True,https://www.chase.com/,chase.com,True,True,False,iframe_same_origin,True,True,stabilized,2.0088485830056015,True,False,False,False,False,,False,False,False,False,False,False,False,False,,False,False,False,False,password_only,0.15,Password-only authentication detected (no FIDO2 or OTP).,False,,real_login_page,3,26.12
356,https://www.freeagent.com,freeagent.com,Personal Finance,United Kingdom,True,https://login.freeagent.com/login,freeagent.com,False,True,False,iframe_same_origin,True,True,stabilized,2.0063267500008806,True,False,False,False,False,,False,False,False,False,False,False,False,False,,False,False,False,False,password_only,0.15,Password-only authentication detected (no FIDO2 or OTP).,False,,real_login_page,8,74.38
357,https://www.fundingcircle.com/,fundingcircle.com,Personal Finance,United Kingdom,True,https://www.fundingcircle.com/de/login,fundingcircle.com,False,False,False,iframe_same_origin,False,True,stabilized,2.0079017090029083,True,False,False,False,False,,False,False,False,False,False,False,False,False,,False,False,False,False,password_only,0.15,Password-only authentication detected (no FIDO2 or OTP).,False,,real_login_page,1,26.37
358,https://www.goodreads.com,goodreads.com,Society,United States of America,True,https://na.account.amazon.com/ap/register?openid.pape.max_auth_age=0&enableGlobalAccountCreation=1&openid.identity=http%3A%2F%2Fspecs.openid.net%2Fauth%2F2.0%2Fidentifier_select&marketPlaceId=ATVPDKIKX0DER&signedMetricIdentifier=pjdsmDnaXhj%2FNbw9hCvWIQvTgX0htu%2BjAbCBVOtDWHM%3D&language=en_US&pageId=lwa&openid.return_to=https%3A%2F%2Fna.account.amazon.com%2Fap%2Foa%3FmarketPlaceId%3DATVPDKIKX0DER%26arb%3Dc698499a-5d8c-4234-b048-40b93c1feeab%26language%3Den_US&prevRID=2X8N1P4SYFMMBAE37EPY&metricIdentifier=amzn1.application.7ff8a2be5dae490b9914b4f430ca5c4c&openid.assoc_handle=amzn_lwa_na&openid.mode=checkid_setup&openid.ns.pape=http%3A%2F%2Fspecs.openid.net%2Fextensions%2Fpape%2FTrue&prepopulatedLoginId=&failedSignInCount=0&openid.claimed_id=http%3A%2F%2Fspecs.openid.net%2Fauth%2F2.0%2Fidentifier_select&openid.ns=http%3A%2F%2Fspecs.openid.net%2Fauth%2F2.0&oauth2params=eyJwIjoiVDJ1NWRFSit3c1hKYVY3a2NRRG8xcEFOa1VYQjluWXZ5Y3gxNjhiczBEZTZna3kxbTlRRzFOTzJ2T1RObGsvM0dDYkRhRkxIUzEwL2YxVDB0KzVNc2crYmpNZmRZMjZPY1FTcDFoOXMzUCtCWmc4Yncybk52eGJsNFhhcTFRL1NPM1BrVU42RUlWMDdTdUR4YlNOWHMzR2VTWVdRc0ZzeXRKV2RDdTlFT3czdXRFTnB1Uzl2OHJYR2hQMUVuK1hxVFlZRVB3dFVKczkrZGtvRmRCQ3dEeGJCajdvQVJiL3R1ZThNOE5ESE12bHZQV1Q1SFNIcEsrVGI0MFBkMDRYdFJDcEM2U0pybW5EV1JObmlUTWJ0YW5SMjluWCtXR2w5SWU0MURxUldqM3NmMkpGaFBpMkppSnYySkdTT285ZW94eFp1VWtNKzdDNnVWaTE1OWFCNER2SzRTWXpqWUdXYmcwTUsvRjg0VWtRQncyak1oRkcwRXU4d09oL2NSbkNCYWJCTVFzKzRPOWR2T0pXaFhkZ3Rwb0FEZHBxUElKYThRK2MwYkV4eDlXWDh6eVZFR0hSVDlxZUZRZGxMUHd0Z1RWaytwcTczZ1MxRS9lcXVnZEVZSTh1cktzVHhTTmhYeGFOdk4vTWZISi85QnNsUTVDQXVJbk5PZFNscFM3dnpPSzdiRFZIdFRqakcvVml2MWpGTlRCZVpoUW9FU0c5VVdkV2dHNE9vdWl2K3RubHhLTUFFSWtRN2pyZTQydGdBQ1ZPcGUyRTdFdm45RFlBdjRmQ3dUYzNEZWJrVTZLa1NHZUI3Mjc4US9PTUhPUzZJS1J1ZHlJQllXU25mOFRqSXgrR1hCN1k0eXNMTmJZZGVxbFE0RTZmNHpCZzcrQmNha0RyRDBrM3FoTHMrOWs5SjZHVEh1enVUMjZUVzkrVVpodG4rTDZQZW44L1o2UmN1Wkppd3FhZGhPbVFUZ2dSampCbzdLdmg5ZWpVb1RraU1NblJaYUpUak5qUnJwaEt2TDBTRUhzNzVPejdlVER2a3l3eDg1cEsrQ3l2UnNOYkVoOEYybkRkZWE3QzdZeDlWWStoL2hxQTRkaFZNaXdyYXBMS09qaEppWEM3N3hkRXJSTjJhK243L1NVU3B2S0dNcTIvUU5NbWhNM3RzRmRGemh4QXFTazJqNEZrck12MlN4MDFqNWF4c1h0QjRrZUtjUmtrMjUxZnpERzVvQlNMVHQ3ODZlelFmNm9kOUtrQlU4VG9qdGlqSmltbkROaHdMc0gzcG53RXBYWE5qTVAzMXE3blhhZVQ5RkljeCtSK1AyVWVSalBwNUwxZHRYOWQ0NlZDbXNjRTZ0aEorZU5sWWFHY2RKQzlLZ0RaSFJIV1gvUG1nY1N3VWFzbU1ISS9UVDZ2cTNtVnJzMmxFRDViV09BTklhZnBuY2FZRFlnY2NaaTExRXFTYmxVNU5rbndOdUVEejI3dDJTZGx6dTJLa3hRZDZNREwwS2pRU0ZXa0h4TTdjeUxuR0hQZ2FEa2srQkhqYk5QSmMwb0MxWGhSanZKVEpES3NvMFZaK1oyWDkxWUt4c3NjWlU2SjVtaTB6UjhueGhxRE5UMkJIcGV5dk53dmhhcEcwOVIyZWVqVm52K0JmU0ZzREt4UWZpaHhBY25pRVJnMEVrNDYvUXdPZVkyS3IycHhpbGFlQnFIdS9IOVpvRzNDb0tiYlVDV0ZGTERXQklqcHdHMWVGdGsvN3c4UENCemR2K1pONFMremJaTjJDN0MzYVFxVVRMcXVTeG0yWEtYV3BaRHhMK2hrU3prVEh2MW0wWVNYZjAyUlBqVFVUZlEwaUVWTG9KK1EwaXZLOWZrcEFvOG5QdkI0bnRkcDhHZkpITFp3bDhPUGFXN1lDZzk3d0ExajJnUitJM05VeGF6M1RmTUo2dGIxTCtTVUEydExYRDMrQnV4KzdCUGpEL1lXS0VXZnFHMllacjg0MWVGOHhkRWFvRkJIYnhXTk92WG9ub29kbldBNzJZUVVON285SG1jaG42TGlGa0s2Z0VJaUlwZHdrb2ZOdmEvRUlJUFV5VHUwMjJUdGJiWG5kekVnNjdtd0RZTmtZbzBISHlOZDdieStJd1lQUTlsWU9ZTnoycEEvMk03aUxoeHcva1V1SEM0VnlxMlBVSFpVZVFzbGRjUkZNVklOY1IyaG1taU1VTEMzRjRNaUZGd3N2YWdyY2NnVEpiekxOVGJRMUdvMEcrb1ExakFpT1ZycE1nTDIybUcvd1ZNT1UrY1dtUFhNc3hnQU05NVJ0K1l5TU9oVGJobG1SdDJ2UVlIM29WZ2wyTkRzUFUrWCtweEhOdGZuYzhCWnV5ZlBhdkRCNnVOQkNvaWhvd0FUS2ZiTXFJYy84eFgyckY1VFlGNDFmazZJYUMyQmUxZ1psYUJTM29BYlRzbVRDTXQvTExOazEvSTFIUmtQK1JmOEZIbGh3WGJ5NjNoU3lIRS9yQnRBcC9BeVdVcmREV3JJSGJEejhJaDEyRXB2TW85bGRiSHF6QXhKVnJtQlJoTGFxNThNK3JKQ1VIcHBzMW5pNWpBSWtWNUZtM3N1VjZCSmNJRENPWWRNMnhLaGdTS3RCNWpadkovMjF1YVFlaTJ3NFhwTU5Cak8zbjhDbTFmaGVFUHZEZGhFRXVmRVZtYThxNjM2anp3VjdJMHljL21YQTZWQUQzeFdFbmlGVTk1dy9KU2dLanlMWDZnbkhoa1dFOEQ0OFFpbVJGdnFCbGlsWHA1d20ydjZPSnRSR01YVTdaTzJQaWRSWmJBbWpJOGtEZXhkMHBtM2JjVXJMak9jcDUxS21COFN3U1VXMDVYdjdVajM4R0Jic2w2OEx6ZFhTbFMvaUtxZmhQTGlqRFNZa3VRVWh1dVJBQ25QMnBpWFRNT092VVIweGdlZUgwQnB2R1hRN0JyZkpobjdjQVV1N2sxUXVvbXpQRUNIdnNhL1h1d3doQ08rb1cxd1gvdU1zNXdHdjNUN0h6S3NselFrQXZFL2ZTbmlUYWx1MGlncTB4T0xxd0hrT3d2QWhyY0pXRlZQM3ZTMlBpQTY2dFZzS3VKTmtZWDhsRi9ZWU5LTnpLeE9BNThkSDExTlR2a1pYZ2FTWFlHMDV3WUhIMlU5TzZsaFZidE9OTThWV3RGWlNHdC9ZdXIwSjR2MmJRMDRjWUUwNmlaRHF3b0R2MDd5S053UlVmM2FKMWpiZkQ5RFQweDJURXZLYUx1TkxMMnZGeTd6R2FNZlcxL3M0T1JuN0Z3SDYxemVFdjYxS3NqUDZLMHdHcEhlYzBYbVdCdGVpc1prWnJHdmdQMDR0ak92V1pQeHAzckhJU1o4TVU0WS9oaGxpV1MrZnVsVThHUnROZUJWNHFydm1pa0dUZTErUiIsImkiOiIvWUw1cHFVSTNwWGhlUHd5RmRXSmFBPT0iLCJzIjoielZadGZQZm5uL2FwOWk1Mk1ScGptWnhwUEx5anNDcEY4c21zaFlOUVM1MD0iLCJldiI6MywiaHYiOjN9,amazon.com,True,True,False,iframe_same_origin,True,True,stabilized,2.00622429199575,True,False,False,False,False,,False,False,False,False,False,False,False,False,,False,False,False,False,password_only,0.15,Password-only authentication detected (no FIDO2 or OTP).,False,,real_login_page,3,30.35
359,https://www.he.net/,he.net,Business,United States of America,True,https://csp.he.net/,he.net,False,True,False,iframe_same_origin,True,True,stabilized,2.0042321250002715,True,False,False,False,False,,False,False,False,False,False,False,False,False,,False,False,False,False,password_only,0.15,Password-only authentication detected (no FIDO2 or OTP).,False,,real_login_page,2,27.76
360,https://www.heartinternet.uk/,heartinternet.uk,Business,United States of America,True,https://customer.heartinternet.uk/manage/login.cgi,heartinternet.uk,False,True,False,iframe_same_origin,True,True,stabilized,2.0060275830037426,True,False,False,False,False,,False,False,False,False,False,False,False,False,,False,False,False,False,password_only,0.15,Password-only authentication detected (no FIDO2 or OTP).,False,,real_login_page,4,36.11
361,https://www.heroku.com/,heroku.com,Technology & Computing,United States of America,True,https://id.heroku.com/login,heroku.com,False,True,False,iframe_same_origin,True,True,stabilized,2.0070914160023676,True,False,False,False,False,,False,False,False,False,False,0.0,0.0,False,,0.0,False,False,False,password_only,0.15,Password-only authentication detected (no FIDO2 or OTP).,False,,real_login_page,5,45.45
362,https://www.hexonet.net/,hexonet.net,Business,Germany,True,https://account.hexonet.net/auth/login,hexonet.net,False,True,False,iframe_same_origin,True,True,stabilized,2.0053095839975867,True,False,False,False,False,,False,False,False,False,False,0.0,0.0,False,,0.0,False,False,False,password_only,0.15,Password-only authentication detected (no FIDO2 or OTP).,False,,real_login_page,2,22.0
363,https://www.high-mobility.com/,high-mobility.com,Technology & Computing,United States of America,True,https://www.high-mobility.com/log-in,high-mobility.com,False,True,False,iframe_same_origin,True,True,stabilized,2.006443250000302,True,False,False,False,False,,False,False,False,False,False,False,False,False,,False,False,False,False,password_only,0.15,Password-only authentication detected (no FIDO2 or OTP).,False,,real_login_page,2,26.45
364,https://www.holvi.com/,holvi.com,Personal Finance,Finland,True,https://login.app.holvi.com/,holvi.com,False,True,False,iframe_same_origin,True,True,stabilized,2.004910417002975,True,False,False,False,False,,False,False,False,False,False,False,False,False,,False,False,False,False,password_only,0.15,Password-only authentication detected (no FIDO2 or OTP).,False,,real_login_page,3,39.64
365,https://www.hostens.com/,hostens.com,Technology & Computing,Sweden,True,https://billing.hostens.com/clientarea/,hostens.com,False,True,False,iframe_same_origin,True,True,stabilized,2.013616666998132,True,False,False,False,False,,False,False,False,False,False,False,False,False,,False,False,False,False,password_only,0.15,Password-only authentication detected (no FIDO2 or OTP).,False,,real_login_page,2,28.53
366,https://www.hover.com/,hover.com,Business,Canada,True,https://www.hover.com/signin,hover.com,False,True,False,iframe_same_origin,True,True,stabilized,2.006304917005764,True,False,False,False,False,,False,False,False,False,False,False,False,False,,False,False,False,False,password_only,0.15,Password-only authentication detected (no FIDO2 or OTP).,False,,real_login_page,2,23.41
367,https://www.infoanywhere.com/,infoanywhere.com,Technology & Computing,Canada,True,https://www.infoanywhere.com/,infoanywhere.com,False,True,False,iframe_same_origin,True,True,stabilized,2.0065371669988963,True,False,False,False,False,,False,False,False,False,False,False,False,False,,False,False,False,False,password_only,0.15,Password-only authentication detected (no FIDO2 or OTP).,False,,real_login_page,1,19.25
368,https://www.infomaniak.com/,infomaniak.com,Technology & Computing,Switzerland,True,https://login.infomaniak.com/en/login,infomaniak.com,False,True,False,iframe_same_origin,True,True,stabilized,2.0059573329999694,True,False,False,False,False,,False,False,False,False,False,False,False,False,,False,False,False,False,password_only,0.15,Password-only authentication detected (no FIDO2 or OTP).,False,,real_login_page,3,35.28
369,https://www.ing.be,ing.be,Personal Finance,United States of America,True,https://ebanking.ing.be/login/,ing.be,False,True,False,iframe_same_origin,True,False,none,False,False,False,True,False,False,,False,False,False,False,False,False,False,False,,False,False,False,False,password_only,0.15,Password-only authentication detected (no FIDO2 or OTP).,False,,real_login_page,4,38.25
370,https://www.inleed.se,inleed.se,Technology & Computing,Sweden,True,https://login.inleed.net/login,inleed.net,True,False,False,iframe_same_origin,False,True,stabilized,2.005306584003847,True,False,False,False,False,,False,False,False,False,False,False,False,False,,False,False,False,False,password_only,0.15,Password-only authentication detected (no FIDO2 or OTP).,False,,real_login_page,2,42.0
371,https://www.itglue.com/,itglue.com,Technology & Computing,United States of America,True,https://app.itglue.com/login,itglue.com,False,True,False,iframe_same_origin,True,True,stabilized,2.0064506249982514,True,False,False,False,False,,False,False,False,False,False,False,False,False,,False,False,False,False,password_only,0.15,Password-only authentication detected (no FIDO2 or OTP).,False,,real_login_page,1,36.09
372,https://www.linkedin.com/,linkedin.com,Society,United States of America,True,https://www.linkedin.com/jobs/customer-service-jobs-gembloux?trk=homepage-basic_suggested-search,linkedin.com,False,True,False,iframe_same_origin,True,True,stabilized,2.0035937920038123,True,False,False,False,False,,False,False,False,False,False,0.0,0.0,False,,0.0,False,False,False,password_only,0.15,Password-only authentication detected (no FIDO2 or OTP).,False,,real_login_page,2,36.69
373,https://www.linxo.com/,linxo.com,Personal Finance,France,True,https://wwws.linxo.com/auth.page#Login,linxo.com,False,False,False,iframe_same_origin,False,True,stabilized,2.0050457499964978,True,False,False,False,False,,False,False,False,False,False,False,False,False,,False,False,False,False,password_only,0.15,Password-only authentication detected (no FIDO2 or OTP).,False,,real_login_page,1,39.32
374,https://www.luxid.lu/fr/,luxid.lu,Technology & Computing,Luxembourg,True,https://login.luxid.lu/auth/register?lang=fr,luxid.lu,False,False,False,iframe_same_origin,False,True,stabilized,2.0070842919958523,True,False,False,False,False,,False,False,False,False,False,False,False,False,,False,False,False,False,password_only,0.15,Password-only authentication detected (no FIDO2 or OTP).,False,,real_login_page,2,30.7
375,https://www.mailgun.com,mailgun.com,Technology & Computing,United States of America,True,https://login.mailgun.com/login/,mailgun.com,False,True,False,iframe_same_origin,True,True,stabilized,2.007121292001102,True,False,False,False,False,,False,False,False,False,False,False,False,False,,False,False,False,False,password_only,0.15,Password-only authentication detected (no FIDO2 or OTP).,False,,real_login_page,2,38.64
376,https://www.meetup.com,meetup.com,Society,United States of America,True,https://www.meetup.com/find/?source=EVENTS&eventType=inPerson&sortField=DATETIME&distance=hundredMiles&location=be--Belgium--Bastogne,meetup.com,False,True,False,iframe_same_origin,True,True,stabilized,2.004559208995488,True,False,False,False,False,,False,False,False,False,False,0.0,0.0,False,,0.0,False,False,False,password_only,0.15,Password-only authentication detected (no FIDO2 or OTP).,False,,real_login_page,4,37.53
377,https://www.metorik.com,metorik.com,Personal Finance,United States of America,True,https://app.metorik.com/login,metorik.com,False,True,False,iframe_same_origin,True,True,stabilized,2.006346875001327,True,False,False,False,False,,False,False,False,False,False,False,False,False,,False,False,False,False,password_only,0.15,Password-only authentication detected (no FIDO2 or OTP).,False,,real_login_page,3,43.73
378,https://www.name.com/,name.com,Business,United States of America,True,https://www.name.com/account/login,name.com,False,True,False,iframe_same_origin,True,True,stabilized,2.0043365829988034,True,False,False,False,False,,False,False,False,False,False,False,False,False,,False,False,False,False,password_only,0.15,Password-only authentication detected (no FIDO2 or OTP).,False,,real_login_page,3,29.32
379,https://www.namecheap.com/,namecheap.com,Technology & Computing,United States of America,True,https://www.namecheap.com/wordpress/,namecheap.com,False,True,False,iframe_same_origin,True,True,stabilized,2.0084088330040686,True,False,False,False,False,,False,False,False,False,False,False,False,False,,False,False,False,False,password_only,0.15,Password-only authentication detected (no FIDO2 or OTP).,False,,real_login_page,2,24.86
380,https://www.nearlyfreespeech.net/,nearlyfreespeech.net,Business,United States of America,True,https://members.nearlyfreespeech.net/login/,nearlyfreespeech.net,False,True,False,iframe_same_origin,True,True,stabilized,2.0067397079983493,True,False,False,False,False,,False,False,False,False,False,0.0,0.0,False,,0.0,False,False,False,password_only,0.15,Password-only authentication detected (no FIDO2 or OTP).,False,,real_login_page,3,23.91
381,https://www.neteller.com/,neteller.com,Personal Finance,United States of America,True,https://policerfi.paysafe.com/rfi/login,paysafe.com,True,True,False,iframe_same_origin,True,True,stabilized,2.007858583005145,True,False,False,False,False,,False,False,False,False,False,0.0,0.0,False,,0.0,False,False,False,password_only,0.15,Password-only authentication detected (no FIDO2 or OTP).,False,,real_login_page,1,37.6
382,https://www.nicehash.com/,nicehash.com,Personal Finance,British Virgin Islands,True,https://www.nicehash.com/my/login,nicehash.com,False,True,False,iframe_same_origin,True,True,stabilized,2.00752020800428,True,False,False,False,False,,False,False,False,False,False,False,False,False,,False,False,False,False,password_only,0.15,Password-only authentication detected (no FIDO2 or OTP).,False,,real_login_page,2,22.24
383,https://www.nimbox.co.uk/,nimbox.co.uk,Technology & Computing,United Kingdom,True,https://vault.nimbox.co.uk/auth/login/,co.uk,False,True,False,iframe_same_origin,True,True,stabilized,2.01145120900037,True,False,False,False,False,,False,False,False,False,False,False,False,False,,False,False,False,False,password_only,0.15,Password-only authentication detected (no FIDO2 or OTP).,False,,real_login_page,2,30.57
384,https://www.noip.com/,noip.com,Business,United States of America,True,https://www.noip.com/login,noip.com,False,True,False,iframe_same_origin,True,True,stabilized,2.0050319580041105,True,False,False,False,False,,False,False,False,False,False,False,False,False,,False,False,False,False,password_only,0.15,Password-only authentication detected (no FIDO2 or OTP).,False,,real_login_page,3,26.52
385,https://www.oderland.se/,oderland.se,Technology & Computing,Sweden,True,https://www.oderland.se/logga-in/,oderland.se,False,False,False,iframe_same_origin,False,True,stabilized,2.0054853339970578,True,False,False,False,False,,False,False,False,False,False,False,False,False,,False,False,False,False,password_only,0.15,Password-only authentication detected (no FIDO2 or OTP).,False,,real_login_page,0,44.35
386,https://www.one.com/,one.com,Technology & Computing,Denmark,True,https://account.one.com/auth/realms/customer/protocol/openid-connect/auth?loginTarget=wordpress&scope=openid&response_type=code&redirect_uri=https%3A%2F%2Fwww.one.com%2F%2Fadmin%2Foidc-callback%3Fclient_name%3DOidcClient&state=0558ce24b8&client_id=crm-appsrv,one.com,False,True,False,iframe_same_origin,True,True,stabilized,2.005435041995952,True,False,False,False,False,,False,False,False,False,False,False,False,False,,False,False,False,False,password_only,0.15,Password-only authentication detected (no FIDO2 or OTP).,False,,real_login_page,5,32.81
387,https://www.onelogin.com/,onelogin.com,Technology & Computing,United States of America,True,https://www.linkedin.com/company/onelogin,linkedin.com,True,True,False,iframe_same_origin,True,True,stabilized,2.0056897079994087,True,False,False,False,False,,False,False,False,False,False,0.0,0.0,False,,0.0,False,False,False,password_only,0.15,Password-only authentication detected (no FIDO2 or OTP).,False,,real_login_page,2,69.68
388,https://www.opalstack.com/,opalstack.com,Technology & Computing,Iceland,True,https://my.opalstack.com/signin/,opalstack.com,False,True,False,iframe_same_origin,False,True,stabilized,2.0080750830020406,True,False,False,False,False,,False,False,False,False,False,False,False,False,,False,False,False,False,password_only,0.15,Password-only authentication detected (no FIDO2 or OTP).,False,,real_login_page,3,27.45
389,https://www.pertuniti.com/,pertuniti.com,Society,United States of America,True,https://app.pertuniti.com/#/,pertuniti.com,False,True,False,iframe_same_origin,True,True,stabilized,2.0045365420010057,True,False,False,False,False,,False,False,False,False,False,False,False,False,,False,False,False,False,password_only,0.15,Password-only authentication detected (no FIDO2 or OTP).,False,,real_login_page,3,20.2
390,https://www.privacyidea.org/,privacyidea.org,Technology & Computing,Germany,True,https://www.privacyidea.org/wp-login.php,privacyidea.org,False,True,False,iframe_same_origin,True,True,stabilized,2.0035209999987273,True,False,False,False,False,,False,False,False,False,False,False,False,False,,False,False,False,False,password_only,0.15,Password-only authentication detected (no FIDO2 or OTP).,False,,real_login_page,2,27.53
391,https://www.qobuz.com,qobuz.com,Arts & Entertainment,France,True,https://www.qobuz.com/signin,qobuz.com,False,True,False,iframe_same_origin,True,True,stabilized,2.011187042000529,True,False,False,False,False,,False,False,False,False,False,False,False,False,,False,False,False,False,password_only,0.15,Password-only authentication detected (no FIDO2 or OTP).,False,,real_login_page,4,28.81
392,https://www.ravelin.com/,ravelin.com,Personal Finance,United States of America,True,https://id.ravelin.com/,ravelin.com,False,True,False,iframe_same_origin,True,True,stabilized,2.0065155839984072,True,False,False,False,False,,False,False,False,False,False,False,False,False,,False,False,False,False,password_only,0.15,Password-only authentication detected (no FIDO2 or OTP).,False,,real_login_page,2,30.28
393,https://www.rebel.com/,rebel.com,Business,United States of America,True,https://www.rebel.com/,rebel.com,False,True,False,iframe_same_origin,True,True,stabilized,2.006032375000359,True,False,False,False,False,,False,False,False,False,False,False,False,False,,False,False,False,False,password_only,0.15,Password-only authentication detected (no FIDO2 or OTP).,False,,real_login_page,3,40.78
394,https://www.regions.com,regions.com,Personal Finance,United States of America,True,https://mymortgage.regionsmortgage.com/,regionsmortgage.com,True,True,False,iframe_same_origin,True,True,stabilized,2.0050476669930504,True,False,False,False,False,,False,False,False,False,False,False,False,False,,False,False,False,False,password_only,0.15,Password-only authentication detected (no FIDO2 or OTP).,False,,real_login_page,2,45.32
395,https://www.rockstargames.com/,rockstargames.com,Arts & Entertainment,United States of America,True,https://signin.rockstargames.com/signin/user-form?cid=rsg&returnUrl=%2F%3Fmarketing%3Dtrue,rockstargames.com,False,True,False,iframe_same_origin,False,True,stabilized,2.0068894579962944,True,False,False,False,False,,False,False,False,False,False,0.0,0.0,False,,False,False,False,False,password_only,0.15,Password-only authentication detected (no FIDO2 or OTP).,False,,real_login_page,3,30.27
396,https://www.runzero.com/,runzero.com,Technology & Computing,United States of America,True,https://partners.runzero.com/login,runzero.com,False,True,False,iframe_same_origin,False,True,stabilized,2.0058493750038906,True,False,False,False,False,,False,False,False,False,False,False,False,False,,False,False,False,False,password_only,0.15,Password-only authentication detected (no FIDO2 or OTP).,False,,real_login_page,3,44.58
397,https://www.section.io,section.io,Technology & Computing,Norway,True,https://control.webscale.com/login,webscale.com,True,True,False,iframe_same_origin,False,True,stabilized,2.0058562090052874,True,False,False,False,False,,False,False,False,False,False,False,False,False,,False,False,False,False,password_only,0.15,Password-only authentication detected (no FIDO2 or OTP).,False,,real_login_page,2,28.03
398,https://www.shoeboxed.com/,shoeboxed.com,Personal Finance,United States of America,True,https://id.shoeboxed.com/login,shoeboxed.com,False,True,False,iframe_same_origin,True,True,stabilized,2.0061022090012557,True,False,False,False,False,,False,False,False,False,False,False,False,False,,False,False,False,False,password_only,0.15,Password-only authentication detected (no FIDO2 or OTP).,False,,real_login_page,2,24.48
399,https://www.ssltrust.com.au/,ssltrust.com.au,Technology & Computing,Ukraine,True,https://manager.ssltrust.com.au/clientarea.php,com.au,False,True,False,iframe_same_origin,True,True,stabilized,2.004545458999928,True,False,False,False,False,,False,False,False,False,False,False,False,False,,False,False,False,False,password_only,0.15,Password-only authentication detected (no FIDO2 or OTP).,False,,real_login_page,3,30.13
400,https://www.sugarsync.com/,sugarsync.com,Technology & Computing,United States of America,True,https://www1.sugarsync.com/,sugarsync.com,False,True,False,iframe_same_origin,True,True,stabilized,2.004864499998803,True,False,False,False,False,,False,False,False,False,False,False,False,False,,False,False,False,False,password_only,0.15,Password-only authentication detected (no FIDO2 or OTP).,False,,real_login_page,4,22.41
401,https://www.suntrust.com/,suntrust.com,Personal Finance,United States of America,True,https://www.truist.com/small-business,truist.com,True,True,False,iframe_same_origin,True,True,stabilized,2.0046299579989864,True,False,False,False,False,,False,False,False,False,False,False,False,False,,False,False,False,False,password_only,0.15,Password-only authentication detected (no FIDO2 or OTP).,False,,real_login_page,3,34.72
402,https://www.szkb.ch/,szkb.ch,Personal Finance,Switzerland,True,https://wwwsec.szkb.ch/authen/ui/app/auth/flow/ibng/password,szkb.ch,False,False,False,iframe_same_origin,False,True,stabilized,2.0075439580032253,True,False,False,False,False,,False,False,False,False,False,False,False,False,,False,False,False,False,password_only,0.15,Password-only authentication detected (no FIDO2 or OTP).,False,,real_login_page,0,33.35
403,https://www.tdcanadatrust.com,tdcanadatrust.com,Personal Finance,Canada,True,https://authentication.td.com/uap-ui/?consumer=easyweb&locale=en_CA#/uap/login,td.com,True,True,False,iframe_same_origin,True,True,stabilized,2.006755708003766,True,False,False,False,False,,False,False,False,False,False,False,False,False,,False,False,False,False,password_only,0.15,Password-only authentication detected (no FIDO2 or OTP).,False,,real_login_page,5,70.52
404,https://www.teamviewer.com/,teamviewer.com,Society,Germany,True,https://login.teamviewer.com/LogOn,teamviewer.com,False,True,False,iframe_same_origin,True,True,stabilized,2.0087737920039217,True,False,False,False,False,,False,False,False,False,False,False,False,False,,False,False,False,False,password_only,0.15,Password-only authentication detected (no FIDO2 or OTP).,False,,real_login_page,3,39.31
405,https://www.tilaa.com,tilaa.com,Technology & Computing,Netherlands,True,https://auth.tilaa.com/realms/tilaa/protocol/openid-connect/auth?client_id=mytilaa&redirect_uri=https%3A%2F%2Fmy.tilaa.com%2Fusers%2Fexchange_code&response_mode=fragment&response_type=code&scope=openid,tilaa.com,False,True,False,iframe_same_origin,True,True,stabilized,2.008419124998909,True,False,False,False,False,,False,False,False,False,False,False,False,False,,False,False,False,False,password_only,0.15,Password-only authentication detected (no FIDO2 or OTP).,False,,real_login_page,4,33.36
406,https://www.twitch.tv/,twitch.tv,Society,United States of America,True,https://www.twitch.tv/,twitch.tv,False,True,False,iframe_same_origin,True,True,stabilized,2.0088213330018334,True,False,False,False,False,,False,False,False,False,False,False,False,False,,False,False,False,False,password_only,0.15,Password-only authentication detected (no FIDO2 or OTP).,False,,real_login_page,3,32.71
407,https://www.ubank.com.au/,ubank.com.au,Personal Finance,Australia,True,https://www.ubank.com.au/home-loans/apply/login/enter-phone-number,com.au,False,False,False,iframe_same_origin,False,False,none,6.120257999995374,False,False,True,False,False,,False,False,False,False,False,False,False,False,,False,False,False,False,password_only,0.15,Password-only authentication detected (no FIDO2 or OTP).,False,,real_login_page,5,109.49
408,https://www.umpquabank.com/,umpquabank.com,Personal Finance,Sweden,True,https://xnet.loomisfargo.com/SSO/Logon.aspx?ReturnUrl=%2fico,loomisfargo.com,True,False,False,iframe_same_origin,False,True,stabilized,2.0073488330017426,True,False,False,False,False,,False,False,False,False,False,False,False,False,,False,False,False,False,password_only,0.15,Password-only authentication detected (no FIDO2 or OTP).,False,,real_login_page,1,41.57
409,https://www.uniteddomains.com/,uniteddomains.com,Business,Germany,True,https://www.uniteddomains.com/login/,uniteddomains.com,False,True,False,iframe_same_origin,True,True,stabilized,2.008308708005643,True,False,False,False,False,,False,False,False,False,False,False,False,False,,False,False,False,False,password_only,0.15,Password-only authentication detected (no FIDO2 or OTP).,False,,real_login_page,3,57.3
410,https://www.virustotal.com,virustotal.com,Technology & Computing,United States of America,True,https://www.virustotal.com/gui/sign-in,virustotal.com,False,True,False,iframe_same_origin,True,True,stabilized,2.007193500001449,True,False,False,False,False,,False,False,False,False,False,False,False,False,,False,False,False,False,password_only,0.15,Password-only authentication detected (no FIDO2 or OTP).,False,,real_login_page,2,55.14
411,https://www.webroot.com,webroot.com,Technology & Computing,Canada,True,https://identity.webrootanywhere.com/v1/Account/login,webrootanywhere.com,True,True,False,iframe_same_origin,True,True,stabilized,2.0065590830054134,True,False,False,False,False,,False,False,False,False,False,False,False,False,,False,False,False,False,password_only,0.15,Password-only authentication detected (no FIDO2 or OTP).,False,,real_login_page,2,39.35
412,https://www.xero.com/,xero.com,Personal Finance,United States of America,True,https://login.xero.com/identity/user/login,xero.com,False,True,False,iframe_same_origin,True,True,stabilized,2.0079082080046646,True,False,False,False,False,,False,False,False,False,False,False,False,False,,False,False,False,False,password_only,0.15,Password-only authentication detected (no FIDO2 or OTP).,False,,real_login_page,4,31.17
413,https://www.zazzle.com,zazzle.com,Shopping,United States of America,True,https://www.zazzle.com/lgn/signin,zazzle.com,False,True,False,iframe_same_origin,True,True,stabilized,2.0079696669999976,True,False,False,False,False,,False,False,False,False,False,False,False,False,,False,False,False,False,password_only,0.15,Password-only authentication detected (no FIDO2 or OTP).,False,,real_login_page,6,39.33
414,https://zapier.com,zapier.com,Technology & Computing,United States of America,True,https://zapier.com/app/login,zapier.com,False,True,False,iframe_same_origin,True,True,stabilized,2.005795125005534,True,False,False,False,False,,False,False,False,False,False,False,False,False,False,False,False,False,False,password_only,0.15,Password-only authentication detected (no FIDO2 or OTP).,False,,real_login_page,2,44.86
415,https://zondacrypto.com/,zondacrypto.com,Personal Finance,United States of America,True,https://auth.zondacrypto.exchange/,zondacrypto.exchange,True,True,False,iframe_same_origin,True,True,stabilized,2.0065628750016913,True,False,False,False,False,,False,False,False,False,False,False,False,False,False,False,False,False,False,password_only,0.15,Password-only authentication detected (no FIDO2 or OTP).,False,,real_login_page,2,42.53
